{
  "México": 1530.0452944831454,
  "Sudáfrica": 1407.0324659997063,
  "Corea del Sur": 1560.4867929020525,
  "República Checa": 1438.37944685614,
  "Canadá": 1440.1618983943613,
  "Bosnia y Herzegovina": 1418.264874953554,
  "Catar": 1384.7756821947507,
  "Suiza": 1545.4795615228643,
  "Brasil": 1664.198658736282,
  "Marruecos": 1579.7108890281932,
  "Haití": 1322.8002043709594,
  "Escocia": 1452.7233834240944,
  "Estados Unidos": 1487.5982711124109,
  "Paraguay": 1484.5905408508156,
  "Australia": 1513.919908480704,
  "Turquía": 1543.6030107277766,
  "Alemania": 1636.7221043042641,
  "Curazao": 1281.935351859641,
  "Costa de Marfil": 1548.2120654916453,
  "Ecuador": 1513.8247233076709,
  "Países Bajos": 1599.2913631160104,
  "Japón": 1582.292261046204,
  "Suecia": 1522.807838123463,
  "Túnez": 1444.3178619260993,
  "Bélgica": 1609.818068881232,
  "Egipto": 1448.9716374627976,
  "Irán": 1468.2255727700733,
  "Nueva Zelanda": 1230.048740695491,
  "España": 1671.69487414002,
  "Cabo Verde": 1384.2630879801432,
  "Arabia Saudita": 1385.777408506703,
  "Uruguay": 1551.746095229779,
  "Francia": 1680.603250296671,
  "Senegal": 1509.1610901989764,
  "Irak": 1377.8210141569023,
  "Noruega": 1461.8279870870163,
  "Argentina": 1679.531017225316,
  "Argelia": 1566.9750075950142,
  "Austria": 1581.9844295653254,
  "Jordania": 1349.080551587917,
  "Portugal": 1689.4377615266826,
  "Rep. Dem. del Congo": 1500.0,
  "Uzbekistán": 1358.1053988586345,
  "Colombia": 1636.810027692546,
  "Inglaterra": 1610.1324623470646,
  "Croacia": 1598.3285572594796,
  "Ghana": 1402.7207737267797,
  "Panamá": 1343.7607319966278
}