{
  "M\u00c3\u00a9xico": 1487.1523483830108,
  "Sud\u00c3\u00a1frica": 1411.3087151826792,
  "Corea del Sur": 1575.0154919141057,
  "Rep\u00c3\u00bablica Checa": 1443.276701176684,
  "Canad\u00c3\u00a1": 1429.1190143797633,
  "Bosnia y Herzegovina": 1418.9002941618292,
  "Catar": 1386.4187547688712,
  "Suiza": 1530.7862820046978,
  "Brasil": 1665.918019474597,
  "Marruecos": 1578.9583375907825,
  "Hait\u00c3\u00ad": 1306.890218876227,
  "Escocia": 1466.9512991933263,
  "Estados Unidos": 1435.939400801364,
  "Paraguay": 1504.1486351885696,
  "Australia": 1543.7587135637916,
  "Turqu\u00c3\u00ada": 1551.2776462426764,
  "Alemania": 1617.3528140614508,
  "Curazao": 1287.2156642363025,
  "Costa de Marfil": 1582.0726616305524,
  "Ecuador": 1516.5690433528928,
  "Pa\u00c3\u00adses Bajos": 1559.6099963106515,
  "Jap\u00c3\u00b3n": 1571.8749242290492,
  "Suecia": 1541.2966609137054,
  "T\u00c3\u00banez": 1467.967474050074,
  "B\u00c3\u00a9lgica": 1605.2519558103388,
  "Egipto": 1468.808131778989,
  "Ir\u00c3\u00a1n": 1465.177377351614,
  "Nueva Zelanda": 1275.3759568054188,
  "Espa\u00c3\u00b1a": 1666.5869706144879,
  "Cabo Verde": 1410.1894815101793,
  "Arabia Saudita": 1391.3322132327198,
  "Uruguay": 1566.6629942821082,
  "Francia": 1710.8165442832249,
  "Senegal": 1523.693711354074,
  "Irak": 1353.8984860552123,
  "Noruega": 1461.3595581792592,
  "Argentina": 1702.0443089127536,
  "Argelia": 1565.6153869855455,
  "Austria": 1555.414071952933,
  "Jordania": 1343.2058969570232,
  "Portugal": 1683.5564385059838,
  "Rep. Dem. del Congo": 1500.0,
  "Uzbekist\u00c3\u00a1n": 1362.7144753020705,
  "Colombia": 1667.9690217713683,
  "Inglaterra": 1575.1034814762945,
  "Croacia": 1612.559751251681,
  "Ghana": 1432.100150850847,
  "Panam\u00c3\u00a1": 1354.1145130937377,
  "Turqu\u00eda": 1472.6386824989418,
  "Hait\u00ed": 1465.77338557307,
  "T\u00fanez": 1472.4189782815351,
  "Pa\u00edses Bajos": 1500.0,
  "Jap\u00f3n": 1500.0,
  "Espa\u00f1a": 1492.1097310176688,
  "Ir\u00e1n": 1482.4375763535338,
  "B\u00e9lgica": 1497.1994000434659,
  "M\u00e9xico": 1515.0,
  "Sud\u00e1frica": 1485.0,
  "Rep\u00fablica Checa": 1487.6776825225543,
  "Canad\u00e1": 1496.4145737037138
}