{
  "M\u00c3\u00a9xico": 1487.1523483830108,
  "Sud\u00c3\u00a1frica": 1411.3087151826792,
  "Corea del Sur": 1569.4344908695261,
  "Rep\u00c3\u00bablica Checa": 1443.276701176684,
  "Canad\u00c3\u00a1": 1429.1190143797633,
  "Bosnia y Herzegovina": 1418.8443791989328,
  "Catar": 1381.1487562417421,
  "Suiza": 1535.9970508926535,
  "Brasil": 1662.8162976553326,
  "Marruecos": 1601.3219837113086,
  "Hait\u00c3\u00ad": 1306.890218876227,
  "Escocia": 1471.1160710338818,
  "Estados Unidos": 1464.6719308134668,
  "Paraguay": 1508.663261051468,
  "Australia": 1536.814233908711,
  "Turqu\u00c3\u00ada": 1551.2776462426764,
  "Alemania": 1619.6794037937607,
  "Curazao": 1284.8890745039926,
  "Costa de Marfil": 1590.4228333996627,
  "Ecuador": 1508.2188715837824,
  "Pa\u00c3\u00adses Bajos": 1559.6099963106515,
  "Jap\u00c3\u00b3n": 1571.8749242290492,
  "Suecia": 1549.5302971563626,
  "T\u00c3\u00banez": 1467.967474050074,
  "B\u00c3\u00a9lgica": 1605.2519558103388,
  "Egipto": 1474.111968176685,
  "Ir\u00c3\u00a1n": 1465.177377351614,
  "Nueva Zelanda": 1286.000683445248,
  "Espa\u00c3\u00b1a": 1666.5869706144879,
  "Cabo Verde": 1417.396686162093,
  "Arabia Saudita": 1394.5344808148584,
  "Uruguay": 1563.4607266999697,
  "Francia": 1715.6384225936044,
  "Senegal": 1518.8718330436943,
  "Irak": 1339.2205569249422,
  "Noruega": 1476.0374873095293,
  "Argentina": 1708.1666715202896,
  "Argelia": 1559.4930243780095,
  "Austria": 1559.6797855437833,
  "Jordania": 1338.940183366173,
  "Portugal": 1673.4619779115164,
  "Rep. Dem. del Congo": 1510.0944605944674,
  "Uzbekist\u00c3\u00a1n": 1362.7144753020705,
  "Colombia": 1680.0714340803413,
  "Inglaterra": 1587.4320458542272,
  "Croacia": 1600.2311868737484,
  "Ghana": 1445.7182058942713,
  "Panam\u00c3\u00a1": 1354.1145130937377,
  "Turqu\u00eda": 1446.3360062790211,
  "Hait\u00ed": 1442.346689431253,
  "T\u00fanez": 1464.185342038878,
  "Pa\u00edses Bajos": 1495.7980500059134,
  "Jap\u00f3n": 1504.2019499940866,
  "Espa\u00f1a": 1484.9025263657552,
  "Ir\u00e1n": 1471.8128497137047,
  "B\u00e9lgica": 1491.89556364577,
  "M\u00e9xico": 1537.8307433705613,
  "Sud\u00e1frica": 1479.7526898715191,
  "Rep\u00fablica Checa": 1475.6752503250534,
  "Canad\u00e1": 1496.5297183057835,
  "Uzbekist\u00e1n": 1487.897587691027,
  "Panam\u00e1": 1486.3819449565758
}